Phase,Category,Component,Specification,Price Low,Price High,Link,Notes
Phase 3,Integration,Adapter Plate + Flexplate,07K to 8HP Adapter + Flexplate — Chatham CNC custom (N63 path preferred),0,1397,https://www.chathamcnc.com/contact.html,"PREFERRED (N63 path): Chatham CNC custom 07K->N63 adapter + flexplate — mike@chathamcnc.com / 919-740-9748. No production adapter exists; custom quote required. Chatham has 07K engine-side geometry from @wingman703 Dodge 8HP build, reducing engineering scope. Price TBD — get quote at Phase 3. FALLBACK (N57 path): DomiWorks VW 1.8T/1.9T to BMW 8HP 45/50/70/75 N57 Adapter Kit (SKU 21015002) $1,397 (https://www.domi-works.com/products/vw-1-8t-1-8t-to-bmw-8hp-45-50-70-75-n47-n57-b57-b58-s58-adapter-kit). Verified $1,397 USD. Includes billet SS2541 flywheel/flexplate + center guide + hardware. 33mm aluminum adapter plate. Fits 8HP45/50/51/70/75/76 N57 pattern. REQUIRES starter 068911024H. Price Low = 0 (TBD Chatham). Price High = DomiWorks N57 fallback ceiling."
Phase 3,Integration,Starter,VW Longitudinal Starter 068911024GX (reman) / 068911024H (new),349.99,349.99,https://www.fcpeuro.com/products/volkswagen-starter-motor-passat-sr0423x,"Verified $349.99 + $50 refundable core (Bosch reman 068911024GX at FCP Euro). DomiWorks kit explicitly requires 068911024H (Bosch new) — same nose, fully interchangeable. 068911024GX reman has FCP Euro lifetime guarantee. NOT the BMW N54 starter from Phase 1."
Phase 3,Integration,Engine Mounts,Custom E36 07K Mount Arms — NBR rubber isolators 43–68A no hydraulic,400,600,https://www.race3.ca/,"⚠️ Race3 site shows E30 07K kit only (out of stock) — no confirmed E36-specific kit in any search result. Call before relying on as source. Custom fab is the likely path. Install: engine + trans drop as single pre-assembled unit (bellhousing mated, flexplate on, trans bolted before entering bay). Load leveler mandatory. Mock-up with temp tack-welded stub brackets while drivetrain suspended in final position; pull and finish-weld on bench. Isolator spec: NBR rubber sandwich pucks 43–68A durometer — NO hydraulic NO solid aluminum pucks. OEM E36 mounts are hydraulic (~55A per AKG) and cannot be reused regardless — 07K block geometry is incompatible with BMW mount bosses. Source rubber-to-metal bonded isolators from McMaster-Carr or Lord Corporation sized to bracket design at fab time. Ref durometer: MSW EEM 68A NBR race insert (moreheadspeedworks.com) is practical ceiling for dual-purpose build. ⚠️ LHD/RHD mirror: all directional references in 944 / Ur-Quattro / LS swap guides are reversed for this RHD car."
Phase 3,Integration,Throttle Body (STARTING SPEC),Stock 07K DBW Throttle Body — ~65mm bore — retain from longblock,0,0,,Included with 07K longblock. MaxxECU RACE controls natively via H-bridge outputs (3A continuous). 6-pin Bosch 0280 750 family — MaxxECU has pre-defined profile. Wire: Motor+ Motor- TPS1 TPS2 5V GND through engine harness. Calibrate via MTune e-throttle wizard. 65mm bore adequate to ~500 whp at 25 psi per Rennlist 07K community airflow calcs. Requires E46 e-pedal (see Phase 3). CONFIRM BBG manifold TB flange spec before ordering any upgraded TB.
Phase 3,Integration,Throttle Body (UPGRADE — 600+ whp),VW 3.6 VR6 DBW TB 03H 133 062 — ~74mm bore,40,80,https://www.ebay.com/sch/i.html?_nkw=03H+133+062,DBW — same 6-pin Bosch 0280 750 family connector as stock 07K TB. Native MaxxECU profile. ~74mm bore vs 65mm stock. Same VAG flange as 07K — direct fit candidate on BBG manifold. ~$40-80 used eBay. DO NOT swap until tune is dialed in on stock TB. Re-run MTune e-throttle wizard after swap (same procedure different PID starting values). Confirm BBG manifold flange O-ring compatibility before ordering.
Phase 3,Integration,Oil Pan,iABED / EFI Motorsport 07K Longitudinal Rear Sump Pan,2499,2499,https://shop.efi-motorsport.com/products/vw-audi-07k-5-cylinder-longitudinal-oil-pan,Verified - Gold standard. Budget alt: modified stock pan (TIG weld rear sump box)
Phase 3,Integration,Oil Filter Housing,iABED 07K Longitudinal Billet Oil Filter Housing (462-635-0047 w/ Thermostat),529,529,https://byiabed.com/07K--25-Longitudinal-Oil-Filter-Housing-Engine-Swap-Housing_p_64.html,"Required for longitudinal engine swap — OEM transverse housing will not clear E36 bay. iABED includes: M10x1.0 port (PST-F1 direct fit), 1/8 NPT secondary, M16x1.5 turbo oil feed port, built-in 90°C MOCAL thermostat. PST-F1 transfers from M52 VANOS banjo with zero wiring changes. NOTE: S-PAU housing is transverse-only — not suitable for E36 longitudinal swap."
Phase 3,Integration,Turbocharger,Garrett G-Series G30-770 REVERSE ROTATION,2731.2,2731.2,https://www.full-race.com/garrett-g-series-g30-770-reverse-rotation-turbo,"Verified $2731.20 (supercore $1883.91 + 0.83 A/R housing $847.29). Reverse rotation required to correctly orient compressor outlet when using SPA MK5 manifold in longitudinal installation \u2014 same approach confirmed by 944 community. V-band turbine inlet. T3-to-V-band adapter required (~$40, adds ~25-35mm stack height). HOOD CLEARANCE: verify before ordering \u2014 G30-770 is large-frame and E36 top-mount clearance is tight. If marginal: (a) vented/bubble hood, (b) step down to G25-660 RR (~$2000), (c) reverse rotation T3-inlet turbo from Precision Turbo (special order, eliminates adapter height). V-band connection is superior to T3 bolts \u2014 adapter is not a weakness, height is the only trade-off."
Phase 3,Integration,Wastegate,Tial 44mm MVR External Wastegate (V-band),435.15,435.15,https://www.speedcircuit.net/products/tial-44mm-external-v-band-wastegate-v44,Verified. V-band flanged. 44mm required for boost control above 500whp on E85. SPA MK5 manifold already has V-band 44/45mm WG provision — direct fit
Phase 3,Integration,T3 to V-Band Adapter,T3 Flange to V-Band Turbo Adapter,35,50,,Connects T3 manifold outlet to G30-770 V-band turbine inlet. Verify T3 bolt pattern and V-band diameter at purchase.
Phase 3,Integration,07K Engine Harness,MaxxECU Custom 07K Harness (build offline) + Deutsch AS / Souriau 8STA firewall bulkhead connector,550,900,,"Build using MaxxECU CMC connector ends with VW sensor connectors (crank VR, cam Hall, CLT NTC, TPS, injectors EV14). Same ECU — harness swap replaces M5x harness at engine change. No additional ECU cost. RECOMMENDED: terminate both M52 and 07K harnesses at a 47- or 79-way Deutsch Autosport (AS series) or Souriau 8STA flanged bulkhead connector on the firewall. Cabin side wired permanently; each engine harness plugs in as a single unit. Engine swap = one connector disconnect. Install bulkhead during Phase 1 chassis prep. Budget ~$80-120 receptacle + ~$60-90 per mating plug + contacts. See Enhancements doc [ELECTRICAL] section."
Phase 3,Wiring,EV14 Injector Connector Housing + Terminals,EV14 2-pin USCAR housing + female terminals — 5 needed (07K I5) + 3 spare,9.93,9.93,https://www.amazon.com/dp/B07STLGB7Z,"DIRECT TERMINATION: buy housing + terminals — do not use pre-attached pigtail wire. Crimp EV14 female terminal (Bosch 1 928 499 000 or Delphi 12129476) onto harness wire using Engineer PA-09, seat until lance clicks. Housing: Bosch 1 928 402 258 or equiv USCAR. Amazon ASIN B07STLGB7Z (pigtail kit) usable for the housing — discard stub wire. EV14 is the standard 07K injector connector — direct fit for ID1050x. Source: 26-07k-harness.md line 14; wiring-bom.md System 3."
Phase 3,Wiring,07K COP Connector Housing + Terminals (4-pin VAG),4-pin VAG JPT housing OE# 4B0973724 + 2.8mm JPT contacts — buy 2×4-packs (5 + 3 spare),11.99,23.98,https://www.amazon.com/dp/B093HK7PN1,"DIRECT TERMINATION: buy housing + 2.8mm JPT female contacts — do not use pre-attached pigtail wire. Crimp 2.8mm JPT contact onto 18–20 AWG wire using IWISS IWS-2412M, seat into housing. Housing OE# 4B0973724. Amazon ASIN B093HK7PN1 usable for housing — discard stub wire. 07K I5 needs 5 housings × 4 pins = 20 contacts. Buy 2×4-packs for 5 installed + 3 spare housings. Source: 26-07k-harness.md line 14; wiring-bom.md System 2."
Phase 3,Wiring,07K Cam + Crank + MAP Sensor Connector Housing + Terminals (3-pin VAG),3-pin VAG sensor housing OE# 3B0973703G + 1.5mm TE MCP contacts — buy 4 (3 + 1 spare),11.99,47.96,https://www.amazon.com/dp/B0DY4CC12Q,"DIRECT TERMINATION: buy housing + 1.5mm TE MCP sealed female contacts — do not use pre-attached pigtail wire. Crimp 1.5mm TE MCP contact onto 22 AWG signal wire using IWISS IWS-2820M, seat into housing. Housing OE# 3B0973703G. Terminals: TE MCP 1.5mm sealed female (TE PN 1-962-622-1 or equiv). Amazon ASIN B0DY4CC12Q (PARSUPPRO, $11.99 each) usable as housing source. CRITICAL: cam and crank share the same body but opposite pinouts — crank pin 1=VR+, pin 2=VR−, pin 3=shield; cam pin 1=+5V, pin 2=GND, pin 3=signal. Label housings at crimp time. Verify with multimeter on engine before plugging into MaxxECU. Source: maxxecu-07k.wv; MaxxECU REV9+ wiring PDF."
Phase 3,Wiring,07K CLT + IAT + VVT Connector Housing + Terminals (2-pin Micro Timer),2-pin VW Micro Timer 1.5mm sealed housing OE# 1J0973702 + 1.5mm TE MCP contacts — buy 4 (3 + 1 spare),5.99,23.96,https://www.amazon.com/dp/B0GLPX5HN5,"DIRECT TERMINATION: buy housing + 1.5mm TE MCP sealed female contacts — same terminal family as 3B0973703G. Crimp using IWISS IWS-2820M. Housing OE# 1J0973702 / 8Z0820535. Amazon ASIN B0GLPX5HN5 ($5.99 each) usable as housing source. Covers CLT sensor, IAT sensor, N205 VVT solenoid (camshaft adjustment valve) on 07K. Solenoid male body on engine: 1J0 973 802. Buy 4 for 3 installed + 1 spare. Source: VW BGP/BGQ workshop manual; 26-07k-harness.md."
Phase 3,Wiring,07K Knock Sensor Connector Housing + Terminals (2-pin flat Bosch),2-pin flat Bosch knock sensor housing OE# 1J0973712 + contacts — buy 2 (KS1 + KS2; no spare needed),5,10,https://www.ecstuning.com/,"DIRECT TERMINATION: buy housing + contacts. 07K has 2 knock sensors (KS1, KS2) — one housing per sensor. NOT on Amazon — order from ECS Tuning or FCP Euro: OE# 1J0973712. Different body from round 2-pin NTC (1J0973702). ~$5–10 each. Contacts are flat blade type — de-pin with Lisle 57750 if reusing donor connectors. Source: 26-07k-harness.md; wiring-bom.md System 4."
Phase 3,Integration,Front Mount Intercooler,CXRacing E36 FMIC Kit (Option B path) OR carry from Phase 1A,0,610,https://www.cxracing.com/KIT-BMW-E36-IC0029-25,IF Option A (Turbo M50) path was taken: FMIC core from Phase 1A carries over ($0 additional). Piping routing will need modification for 07K/G30-770 RR turbo position. IF Option B (NA M52) path: purchase CXRacing kit at this phase ($610 verified).
Phase 3,Integration,07K Engine Oil Cooler,Mishimoto MMOP-SPT Thermostatic Sandwich Plate + 10-row core,270,350,https://www.samsmotorsports.com/mishimoto-mmop-sbt,MMOP-SPT sandwich plate $170.95 (verified). Installs between oil filter and 07K housing — thermostatic valve prevents flow to cooler until oil reaches operating temp. Add Setrab/Mocal 10-row core (~$100-150) + -10AN lines (~$60). Mandatory for 07K turbo. Note: if Phase 1 M5x oil cooler used MMOCF-BMW fitting approach instead
Phase 3,Integration,Turbo Manifold,SPA Turbo MK5 T3 Twin Scroll (TMW22) + reverse rotation turbo,459.9,459.9,https://spaturbousa.com/products/vw-5-cyl-2-5l-20v-fsi-t3-top-mount-twin-scroll-turbo-manifold-wastegate-v-band,Verified $459.90. Designed for MK5 transverse BUT usable in longitudinal orientation with reverse rotation turbo (confirmed by Rennlist 944 community). RHD steering rack clearance is a DOWNPIPE routing issue — not a manifold issue — solved by custom downpipe (see below). T3 turbo flange. V-band 44/45mm wastegate port. Twin scroll for 5-cyl pulse separation.
Phase 3,Integration,Downpipe,Custom RHD Downpipe (routes around steering rack),400,600,,Custom fab required for RHD clearance. MUCH cheaper than custom manifold ($400-600 vs $1200-1800). Routes turbo outlet under/around RHD steering rack to 3in exhaust. Must be ceramic coated. Reference: any E36 RHD turbo downpipe fabricator familiar with RHD rack clearance.
Phase 3,Integration,Heat Control,Ceramic Coating (Manifold + Downpipe),300,500,,Not optional - protects RHD steering rack seals and brake lines from heat soak
Phase 3,Fuel System,07K Injectors,Injector Dynamics ID1050x - Set of 5 (replaces Phase 1A 630cc),1245,1245,https://www.full-race.com/injector-dynamics-id1050x-injectors,Verified $249/injector (Full Race) x5 = $1245. 07K is a 5-cylinder — 5 injectors only. Replaces Phase 1A Siemens Deka 630cc set \u2014 630cc injectors can be resold (~$200-250) or kept as spare. ID1050x is an EV14 connector (standard VW/Audi) \u2014 compatible with MaxxECU 07K harness EV14 injector connectors. Supports 600+whp on E85 at reasonable duty cycle. Price here is new set only \u2014 do not add to Phase 1A injector cost.
Phase 3,Fuel System,Fuel Pump Upgrade,Walbro 450LPH E85 In-Tank Pump + Install Kit (replaces Walbro 255),203.99,203.99,https://www.tf-works.com/walbro-450lph-e85-in-tank-fuel-pump-with-install-kit/,Verified $203.99 (TF-Works TIA485-2). Replaces Phase 1 Walbro 255LPH \u2014 255LPH is borderline at 600whp E85 (~53 GPH demand vs ~45 GPH realistic output at 60PSI). 450LPH E85-rated (TI Automotive / Walbro F90000267). Radium Engineering E36 fuel pump install kit (radiumauto.com/P2087) provides the correct basket adapter. Price here is pump + universal kit only \u2014 do not add to Phase 1 pump cost.
Phase 3,Fuel System,07K Fuel Rail,BBG Intake Manifold Fuel Rail (custom or universal -6AN),150,300,,The Boost Brothers longitudinal intake manifold has its own fuel rail provisions. Confirm fuel rail compatibility with BBG directly at time of intake order. Budget $150-300 for a compatible billet rail or custom fabrication. OEM VW 07K fuel rail (transverse) will NOT fit the BBG longitudinal manifold.
Phase 3,Integration,FMIC Charge Piping,Custom E36 charge pipe fabrication or universal mandrel-bent kit,200,400,,"The CXRacing FMIC core (Phase 1A) or purchased at Phase 3 (Option B) carries over, but the charge piping is turbo-position specific. The G30-770 reverse rotation + SPA MK5 manifold exits on the opposite side from the K64/M5x application. All Phase 1A CXRacing aluminum piping is unusable for 07K. Budget for custom mandrel-bent aluminum piping (local fab shop) or universal 2.5-3in elbow kit."
Phase 3,Integration,Thermostat Housing Adapter + 1.8T Water Neck,BBG kit component — assess at engine-in-car stage,0,100,,"The 07K factory thermostat housing exits at an angle incompatible with many swap bays. BBG 944 swap kit includes a thermostat housing adapter + 1.8T water neck (180 water neck) to convert the outlet direction for clean routing. FOR E36: assess at engine-in-car stage whether the factory 07K thermostat housing routes cleanly to the E36 radiator. If routing works, $0. If not, contact BBG — they include this in the 944 kit and may sell separately (~$50-100). DO NOT order before engine is positioned in bay. Confirmed in BBG Porsche 944 07K install video at 7:55."
Phase 3,Integration,07K Coolant Hoses,Custom E36-to-07K Coolant Routing Kit,150,300,,07K coolant inlet/outlet locations differ from M52. The BBG intake manifold has coolant provisions (throttle body heat). iABED oil housing has coolant connections. Budget for custom silicone hoses (Samco or universal) to connect 07K ports to E36 CSF radiator. Measure routing at engine-in-car stage before ordering hose lengths. Gates or Vibrant universal silicone reducers + straight hoses.
Phase 3,Integration,Crankcase Catch Can,Radium Engineering VTA Competition Catch Can — L (20-0772) or XL (20-0771),150,200,https://www.radiumauto.com/products/competition-catch-cans,MANDATORY for turbo build at high RPM. Two -10AN ORB inlet ports — direct fit to BBG billet valve cover -10AN crankcase port (Phase 2). Vent to atmosphere (VTA) — drain after every track day. L (20-0772): 0.6L. XL (20-0771): 0.9L — spec for Formula Drift minimum capacity compliance. Add -10AN hose (~$40-60). ALSO REQUIRED: address stock PCV port on intake manifold side — install one-way check valve or block off to prevent boost pressure back-feeding into crankcase. Oil consumption note: expect 50-150ml per track day in can post-break-in; near zero between street-only oil change intervals.
Phase 3,RHD Notes,Steering Clearance,Condor Slim Shaft mandatory (Phase 1),,,Exhaust manifold must be top-mount design,
Phase 3,Integration,Power Steering,Column-Assist EPS — RHD: EPowerSteering E36 kit or Peugeot 206 GTi / Toyota MR2 ZZW30 salvage column,100,1300,https://epowersteering.com/purchase/product/bmw-e36/,"Column-assist EPS eliminates hydraulic pump entirely. Rack (stock or Z3 2.75-LTL upgrade) stays in place as manual rack. Options: (1) EPowerSteering.com E36-specific kit ($1300) — column core exchange required, VERIFY RHD column compatibility before ordering; (2) Peugeot 206 GTi or Toyota MR2 ZZW30 salvage EPS column ($50–100 donor + bracket fab) — RHD-native, documented in UK/AU community. Assist is fixed via dashboard potentiometer — KIT-33 Basic EPS Controller has no VSS or external input; speed-sensitive assist is not supported by this product. Z3 rack upgrade recommended: direct E36 bolt-in, 2.75 turns LTL, cap hydraulic lines."
Phase 3,Integration,Air Conditioning,12V Electric AC Compressor (universal kit),400,600,https://coldhose.com/products/universal-12v-electric-compressor-kit,Not belt-driven — mounts anywhere via universal bracket + 12V power. Retains E36 condenser / evaporator / cabin controls. Requires new AC line fabrication. Price TBD — verify final unit selection before ordering.
Phase 3,RHD Notes,AC Retention,Electric AC compressor (12V) — no bracket required,400,600,,Supersedes custom bracket approach. Electric compressor mounts independently of engine belt — no conflict with turbo plumbing or RHD clearance constraints.
Phase 3,RHD Notes,Oil Pan - Budget Alt,Modified stock pan (TIG-weld rear sump),,,Custom pickup tube extension required,must clear steering rack and subframe
Phase 3,Integration,Load Leveler + M10 Eyebolts (installation lift),HF SKU 96497 + McMaster 3100T12 ×4 — sourced Phase 2,0,0,https://www.harborfreight.com/1-ton-capacity-engine-load-leveler-96497.html,"Sourced and budgeted in Phase 2 (E36_Phase2_07KBuild.csv). Listed here for procedure reference only — do not double-count cost. Required at Step 22 of this walkthrough (30-07k-install.md) for engine drop-in. Load leveler: HF SKU 96497. Eyebolts: McMaster 3100T12 ×4, M10×1.5 DIN 580 shoulder type."
