Phase,Category,Component,Specification,Price Low,Price High,Link,Notes
Phase 1,8HP Transmission,Transmission,ZF 8HP70Z N63 (preferred) or N57 (viable but rare),690,2595,https://www.ebay.com/itm/800288897916,"PREFERRED: 8HP70Z N63 — abundant in US salvage (F10 550i N63TU, F13 650i, F01 750i), ~$690-950 local pickup (~65 mi from 19151). Both N57 and N63 are GEN1 8HP70Z with identical 700Nm input rating and identical MaxxECU TCU compatibility (Bosch 1034420236 from 2014-2016 F10 donors). Preferred donor: F10 550i 2014-2016 (N63TU) — eBay #800288897916 $689.89 OBO (Reading PA, GZ Autoparts), STUECKL 1087 + ZFS sticker confirmed in photos. N57 FALLBACK: F10 535d RWD 2014-2016 only US-spec model; as of Aug 2026 only 1 confirmed US unit (Linder's CDC, Worcester MA, Grade C 200k mi, $2,595 shipped). M52 is temporary — Phase 1 adapter cost is NOT a long-term factor. Price Low = N63 floor. Price High = N57 only unit shipped."
Phase 1,8HP Transmission,Controller (Preferred),MaxxECU Race GEN1 8HP CAN Control (native — no separate TCU),368.61,506.84,https://www.maxxecu.com/features/8hp_gearbox,"MaxxECU Race controls 8HP natively via CAN — no TurboLamik needed. Requires: (1) MaxxECU 8HP GEN1 CAN harness #2287 (BMW shifter variant) ~$366-382 from LPS (https://lpsfab.com/products/maxxecu-8hp-gen1-cable-harness-bmw-8hp-shifter) or maxxecu.us; (2) Yanhua ACDP-2 TCU flash tool — rent ~$138.23 or buy $737.80. VERIFY transmission hardware ID compatibility before purchase: maxxecu.com/webhelp/advanced-8hp-hardware_identifier.html. ✅ UNIT IN HAND CONFIRMED COMPATIBLE: 2014 Ram 1500 4WD 8HP70 contains Bosch TCU 0260550074 / CPU 1034420288 (confirmed via maktrans.net donor cross-ref). MaxxECU compat list entry: '1034420288 | 0260550074 | SH725xx | 8HP70 (RWD) | Dodge RAM Classic 5.7 2020 RWD | Supported and working as an official BETA.' The 4WD (2014) and RWD (2020) Ram units share the same Bosch TCU part number — hardware is identical. The 4WD origin of this unit does NOT affect compatibility. ✅ MaxxECU note 'transfer case control not supported, only the RWD part of the transmission will work' = MaxxECU does not send TC engagement CAN messages. With TC removed and DomiWorks adapter installed, there is NO TC to control — this caveat is completely irrelevant for this build. Verify exact ID via ACDP-2 bench read before flash (no car needed). Supports shift pts 1500-9000 RPM, virtual clutch control, transbrake. Saves ~$2000+ vs TurboLamik bundle. HARNESS DETAIL: pre-terminated 12-pin GT150 to 8HP TCU (CAN H/L + main 12V + wakeup + GND) + BMW F-series 10-pin CAN shifter connector. Running DCTShifter in SEQ mode: BMW 10-pin end capped unused. CRITICAL: TCU main 12V must be live 10-15s before key-on wakeup signal or TCU partially fails to init — use power-hold relay, not both wires on same switched fuse."
Phase 1,8HP Transmission,Controller (Fallback),TurboLamik 8HP Bundle,2365,2365,https://www.seemslegitgarage.com/product-page/turbolamik-bundle,Use if 8HP50 hardware ID is not on MaxxECU compatibility list. Dedicated TCU; broader transmission variant support; more established for E-series BMW swaps. Requires CAN handshake config between TurboLamik and MaxxECU.
Phase 1,8HP Transmission,Shifter,DCTShifter sequential shifter — 270GT / 290GTE / 390GT (model is ergonomic choice),454,454,https://dctshifter.com/,"Verified $454 base (dctshifter.com). REQUIRED — stock E36 manual gear lever does nothing with 8HP. Install at same time as transmission. Swedish-made motorsport build, explicitly MaxxECU-compatible. Models: 270GT Aluminum (compact/short-throw), 290GTE Carbon Fiber (taller throw), 390GT Aluminum (full-size). All wire identically. WIRING (4 wires): +12V switched + GND + UP signal (momentary GND closure) + DOWN signal (momentary GND closure). Wire UP → MaxxECU DIN = Transmission UP shift. Wire DOWN → MaxxECU DIN = Transmission DOWN shift. No CAN. MTune: Advanced > 8HP gearbox control > Shifter type > 8HP SEQ shifter. Hold UP = launch control / 8HP transbrake. Active inventory — unlike LPS #2355 which has no US ETA."
Phase 1,8HP Transmission,Adapter Plate,M5x to 8HP Adapter — path-dependent (N63 preferred),1353,1353,https://www.domi-works.com/collections/8hp-adapter-kits,"M52 is temporary — Phase 1 adapter is discarded at 07K swap. N63 PATH (preferred): DomiWorks M5x->N63 $1,353. N57 PATH (fallback): PMC Motorsport M5x->N57 ~$350 (https://pmcmotorsport-shop.com/product-eng-2998-Gearbox-Adapter-Plate-BMW-M50-M52-M54-S50-S52-S54-BMW-ZF-8HP-8HP70-8HP50-GS6-53DZ.html) or DomiWorks M5x->N57 Std Tilt $420. Price shown = N63 path. Phase 3 (07K->N63): Chatham CNC custom — mike@chathamcnc.com / 919-740-9748 — Phase 3 task, not a blocker for Phase 1."
Phase 1,8HP Transmission,Steering Shaft,Condor Speed Shop Slim RHD Shaft,308.99,308.99,https://www.condorspeedshop.com/products/steering-shaft-conversion-e36,"Verified $308.99. RHD fitment explicitly confirmed by manufacturer: 'All E36's including right-hand drive models.' Mandatory for RHD clearance with 8HP and top-mount turbo. EPS compatible — EPS motor acts on column above firewall; this shaft operates below firewall to rack, no interference. Keep both U-joint angles below ~15 degrees at install to prevent torque oscillation through EPS controller."
Phase 1,8HP Transmission,Cooling,HPR Setrab 8HP Oil Cooler Kit,450,600,https://hpr-tuning.com/products/hpr-setrab-8hp-oil-cooler-kit,
Phase 1,8HP Transmission,Driveshaft,Seems Legit Garage Custom 1-Piece Aluminum Shaft,1350,1350,https://www.seemslegitgarage.com/product-page/single-piece-driveshaft,Verified
Phase 1,8HP Transmission,Transmission Crossmember,Seems Legit Garage E36/Z3 DCT & 8HP Swap Crossmember,205,205,https://www.seemslegitgarage.com/product-page/e36-dct-crossmember,"Required — stock E36 crossmember will not locate 8HP correctly. $205 (was $150); currently out of stock — click Notify Available. Also available from HPR direct at hpr-tuning.com (Norwegian manufacturer; prices in NOK; SLG is exclusive US distributor — domestic support and no import tariffs). Laser-cut + CNC-bent steel; black zinc coated; slotted for use with or without adapter plate; designed for OEM angled BMW 8HP rear mounts. SLG description explicitly: 'Fits wide variety of combinations, even a Dodge 8HP70 with a Guru rear mount.' ⚠️ Likely refers to Charger/Challenger (SLG's recommended US unit) but Guru mount covers both Ram and Charger — call SLG (631-905-9675) to confirm fitment with Ram 4WD unit + Guru BMW-style mount + DomiWorks adapter before ordering. Guru mount (see adjacent row) pairs with this crossmember on the transmission side. Source: seemslegitgarage.com"
Phase 1,8HP Transmission,Transmission Rear Mount (Dodge path),Guru Autowerks Adjustable Dodge 8HP Transmission Mount — BMW Style (from SLG),250,300,https://www.seemslegitgarage.com/product-page/adjustable-universal-dodge-8hp-transmission-mount,"DODGE PATH REQUIRED (pairs with SLG E36 crossmember). Source: SLG $250+ or Guru direct $240 (https://www.guruautowerks.com/product-page/universal-dodge-8hp70-75-rwd-mount-bracket). SELECT 'E8X/E9X for Dodge 8HP Ram/Charg...' on SLG — this IS the BMW-style version (dropdown label truncated); description explicitly: 'pairs perfectly with our E36 and E46 8HP crossmembers as well as factory E8X/E9X' and covers both Ram AND Charger/Challenger. Do NOT select Universal (flat TH350/TH400 mount — for custom crossmember fab). Energy Bushing (+$50): urethane/poly bushing for NVH isolation between mount and crossmember — stiffer than OEM rubber, less NVH isolation but better positional accuracy; recommended for track/drift builds. Billet 6061 aluminum. Bolts to Dodge 8HP case body via 4 'D1' bolts — 44 lb-ft with blue threadlock (case-body mount; unaffected by DomiWorks adapter at TC face). Infinite height/angle adjustment: M10 socket cap screws 55 lb-ft + M8 set screws 6 lb-ft. Conical spring washers — cones face bolt heads (critical). Note: Guru E9x/E8x direct version ($240) guarantees fitment only with Guru's own adapter kit + LSE90 mounts — buy from SLG for E36-confirmed pairing. Price High = $300 incl. optional bushing."
Phase 1,8HP Transmission,AWD→RWD Conversion Adapter (Dodge path),DomiWorks Dodge 8HP70/75 RAM 1500 AWD→RWD Conversion Adapter Kit — 1350,1069,1250,https://www.domi-works.com/products/dodge-8hp70-75-ram-1500-and-ram-ecodiesel-awd-to-rwd-conversion-adapter-kit-1350,"DODGE 4WD PATH REQUIRED for this unit. Note: 2WD RWD Ram 1500 8HP70 DOES exist (confirmed: Mopar parts catalog lists 'AUTO 8HP70 RWD'; fueleconomy.gov confirms 2016 Ram 1500 2WD 8-spd) — but 4WD trucks vastly outsell 2WD so RWD units are rare in salvage. DomiWorks saying 'So far we haven't seen any pure RWD transmissions' reflects salvage market reality, not that 2WD Ram doesn't exist. The unit in hand is 4WD — this adapter is required. Bolt-on to TC mounting face (23-spline output). SKU 22005004. Price Low: DomiWorks direct ~$1,069 USD (9,500 SEK; 2 in stock as of research — order first). Price High: MaxxECU store $1,249.50 (https://www.maxxecu.com/store/gearbox/adapters/dodge-8hp70-or-75-ram-1500-and-ram-ecodiesel-awd-to-rwd-conversion-adapter-kit-1350 — out of stock until ~2026-08-15). Anodized aluminum adapter housing + high-speed bearing + SS2541 steel output flange. Dual output pattern: 1350 yoke (SPICER #3-2-119) + Supra MKIV. Installs in under 1 min. Includes mounting bracket on adapter housing (secondary output-end support — NOT the chassis crossmember). ⚠️ Gasket/seal: DomiWorks does not list a separate gasket — TC face interface likely uses O-ring or RTV; confirm with DomiWorks before final torque."
Phase 1,8HP Transmission,Output Flange (BMW path — N/A for Dodge unit),BMW 96mm Output Flange (E90/E91/E92 non-35i auto) — BMW path only,50,80,https://www.realoem.com/bmw/enUS/partxref?q=26117511454,"⚠️ N/A FOR CURRENT BUILD — Dodge Ram unit in hand uses DomiWorks AWD→RWD adapter (see above row). Retained for reference if transmission changes to BMW unit. N57 PATH: N57 8HP70Z ships with 105mm PCD flange (22mm insert); swap to 96mm for E36 guibo. PN 26117511454 (cross-ref 24207552327). Non-35i F/E-series only. NOT stocked at FCP Euro or ECS Tuning — source used from eBay/parts car. N63 PATH: Verify correct 96mm swap flange at adapter order time; DomiWorks can advise."
Phase 1,8HP Transmission,Flexplate,N54 8-Bolt Automatic Flexplate + Bolts,80,810,https://www.ecstuning.com/b-genuine-bmw-parts/flexplate/11227553157/,Required — M5x is manual-only from factory; 8HP needs an automatic flexplate. PN 11227553157 + bolts PN 11227522125. ~$810 new at ECS Tuning (ES#20413); ~$80-150 used from parts car. Source: turboe46.blogspot.com/p/zf-8hp-swap.html Phase 3 note: at 07K swap this N54 flexplate is removed — the 07K adapter kit (DomiWorks or Chatham CNC) includes its own flexplate/flex plate. Budget $0 at Phase 3 for this item.
Phase 1,8HP Transmission,Starter Adapter,George W. Hill M5x Starter Adapter (for N54 starter),160,160,https://www.hillperformance.com/products/starter-adapter,Required — M5x mounts starter to block; 8HP-equipped BMWs mount to trans. Adapter allows N54 starter (PN 12412354701) to be used. Ref: https://youtu.be/bWVo-TpdQCQ. Source: turboe46.blogspot.com/p/zf-8hp-swap.html
Phase 1,Reliability,ECU,MaxxECU RACE M50 Bundle (with harness),2912,2912,https://www.seemslegitgarage.com/product-page/maxxecu-m50-harness,Verified
Phase 1,Reliability,Fuel Pump Hanger,"Radium Engineering 20-1170 — BMW E36 (drop-in, 10AN ORB out, dual-pump capable)",549.95,549.95,https://www.radiumauto.com/products/bmw-e36-fuel-pump-hanger,"VERIFIED $549.95, in stock. Drop-in replacement for both OEM fuel hat assemblies on E36 saddle tank. 10AN ORB female pump-out + return ports on top plate. PRV venturi jet pump saddle crossover. Dual-pump capable. Brushless capable. E85/methanol compliant. Reuses OEM level sensors. No tank cutting. INSTALL AT PHASE 1 — carries through 07K with zero re-work. Install PDF: https://cdn.shopify.com/s/files/1/0887/4193/7449/files/19-0359.pdf. Wiring ref: https://github.com/wesleyxcooper/e36-wiring/blob/main/fuel-pump-hanger-reference.md. WireViz: https://github.com/wesleyxcooper/e36-wiring/blob/main/harnesses/fuel-pump-hanger.wv. Harness diagram: https://htmlpreview.github.io/?https://github.com/wesleyxcooper/e36-wiring/blob/main/output/fuel-pump-hanger.html."
Phase 1,Reliability,Fuel Pump,Walbro F90000267 — 465 LPH E85 (pump only — no install kit),181.12,181.12,https://www.realstreetperformance.com/walbro-universal-450lph-in-tank-fuel-pump-e85-version.html,"VERIFIED $181.12. Fits Radium 20-1170 directly (39mm/50mm DCSS body — hanger designed for this format). E85-rated. 465 LPH @ 40 PSI @ 13.5V, 14.1A draw. Single pump covers all phases through 07K 600whp E85. MaxxECU PWM speed control via 40A DC SSR (Crydom D1D40 or equiv): IGN +12V -> SSR Ctrl(+) | MaxxECU GPO (GND-sink) -> SSR Ctrl(-) | Fused BATT+ (25A) -> SSR Load -> pump(+) stud. Do NOT use mechanical relay for PWM — SSR required. 12 AWG power/ground. 22 AWG shielded GPO signal. Dedicated chassis GND stud (not ECU sensor ground). MTune: Outputs -> Output config -> PWM fuel pump control, 100-500 Hz. Duty: 65% idle / 100% WOT. Phase 3: full duty under boost. Schematic: https://github.com/wesleyxcooper/e36-wiring/blob/main/schematics/fuel-pump-pwm.svg."
Phase 1,Reliability,Hanger Swivel Fittings,Radium 20-1000-1010 — 10AN ORB Swivel Banjo to 10AN Male (feed port x1),34.95,34.95,https://www.radiumauto.com/products/low-profile-swiveling-banjo-fittings,"VERIFIED $34.95/ea. Threads into 10AN ORB pump-out port on Radium 20-1170 top plate. 360-degree swivel after install — required for tight E36 tank tunnel clearance. Feed: 20-1000-1010 (10AN ORB to 10AN male) -> -10AN braided line -> Aeromotive 13129 FPR inlet. Return: use included 8.5mm OEM barb adapter (OEM return line). Optional return upgrade: add 20-1000-0606 (6AN ORB swivel, same price) if converting return to full AN. Minimum order: 1x 20-1000-1010 for feed. Install tip: thread hand-tight, attach braided line, THEN final torque to allow swivel to set correct angle."
Phase 1,Reliability,Flex Fuel,Ethanol Content Sensor,80,80,https://www.seemslegitgarage.com/product-page/ethanol-content-sensor,Verified
Phase 1,Reliability,Fuel Injectors,Bosch 440cc Green Giant EV1 - Set of 6,399,399,https://treperformance.com/i-18598170-genuine-bosch-42lb-green-giant-ev1-fuel-injectors-0280155968-6.html,Verified
Phase 1,Reliability,Ignition,Ignition Projects High Perf Coils (BMW S54 COP),695,695,https://store.vacmotorsports.com/ip-ignition-coil-set--bmw-s54-p3730.aspx,Verified
Phase 1,Reliability,Fuel Pressure Regulator,Aeromotive 13129 Compact Adjustable EFI FPR,185.95,185.95,https://aeromotiveinc.com/products/compact-efi-regulators,Verified $185.95. Return-style adjustable FPR. Supports up to 1000hp. Adjustable 40-75 PSI. Required for standalone ECU fuel system — OEM E36 FPR is not tunable. Carries through all phases (M52 → 07K). -6AN inlet/outlet.
Phase 1,Reliability,Wideband O2 Sensor,Bosch LSU 4.2 Wideband Lambda Sensor,69,69,https://modernracing.net/products/wb-o2-sensor,Verified $69. MaxxECU M50 harness includes LSU 4.2 6-pin connector — this is the matching sensor. Required for closed-loop fueling and tune. Weld a 18mm x 1.5 bung into the downpipe/exhaust. Re-use same sensor at 07K swap — just move bung to new exhaust.
Phase 1,Reliability,Cooling,CSF Aluminum Radiator (3054),369,369,https://www.bimmerworld.com/Cooling/Radiators/CSF-E36-Aluminum-Radiator.html,Verified. Carries to 07K turbo phase — adequate coolant capacity for 600whp with electric fan assist.
Phase 1,Reliability,Fans,BimmerWorld SPAL Electric Fan Kit + SPAL PWM fan upgrade at MaxxECU install,200.99,421,https://www.bimmerworld.com/Cooling/Cooling_Kits/E36-Electric-Fan-Conversion-Kit-OBD2-328i-328is-323is-M3-1996-1997-1998-1999.html,Kit ($200.99): 16 SPAL pull fan + relay harness + thermostat switch. STAGE 1 (OEM ECU): wire thermostat switch standalone — triggers relay at ~87C
Phase 1,Reliability,Expansion Tank,Mishimoto E36 Aluminum Coolant Expansion Tank,190.95,210,https://www.mishimoto.com/bmw-e36-ai-coolant-expansion-tank-1992-1999.html,Verified $190.95 sale / $210 regular. Direct-fit TIG-welded aluminum replacement for failure-prone OEM plastic tank. Available anodized black or polished. Required before any track use. Carries to 07K phase.
Phase 1,Reliability,Engine Oil Cooler,Mishimoto MMOCF-BMW Line Fitting Kit + 10-row cooler core + AN lines,200,280,https://www.mishimoto.com/bmw-e36-e46-e90-oil-line-fitting-kit.html,MMOCF-BMW adapter kit (~$89 approx.) adds -10AN ports to M52/M50 OEM oil housing. Pair with Setrab or Mocal 10-row cooler core (~$120-150) + -10AN braided lines (~$60-80). Full install in Phase 1 carries to 07K — re-plumb lines at engine swap. Thermostatic sandwich plate alternative: Mishimoto MMOP-SPT $170.95 (universal — preferred if not using OEM oil housing).
Phase 1,Interior,Steering Wheel Hub Adapter,NRG Race Short Hub Adapter — BMW E36/E46 (Morehead Speed Works),75,85,https://www.moreheadspeedworks.com/product/nrg-race-short-hub-adapter-bmw-e36-e46/,"Integrates hub + male QR side in one piece — ~1 in shorter than separate hub + QR. Requires NRG QR attached (no standalone 6-hole pattern on race hub). Fits E36 without clockspring — clockspring removed in track/drift build. Also available: NRG SH-170 standard short hub (~$60). Source: moreheadspeedworks.com"
Phase 1,Interior,Quick Release,NRG Gen 2.0 Quick Release — SRK-200BK,99,123,https://getnrg.com/products/srk-200,"Horn wires included — circuit completes when wheel is locked in; opens when wheel is removed (expected behavior). Self-locking mechanism. 6x70mm + 6x74mm bolt pattern on wheel side (compatible with NRG / MOMO / Sparco / OMP / Nardi / Grip Royal). 2.5 in depth. Aircraft-grade 6061 aluminum anodized. No slip ring needed for horn-only use. Source: getnrg.com ~$99 (direct) or ~$99–123 via Andy's / Box 2 Motorsport."
Phase 1,Interior,Steering Wheel,"Aftermarket 320–350mm — 6x70mm bolt pattern, horn button required",80,350,https://getnrg.com/,"Horn button must be built into wheel or mounted at center — connects to NRG 2.0 horn wire. Diameter: 320–330mm for track/street feel; 330–350mm for drift. Options by budget: NRG ST series ~$80–150 (flat-spoked, horn button, 320/330mm); Grip Royal Alcantara ~$180–250 (330/350mm, popular drift choice); MOMO Prototipo/Race ~$200–350 (quality leather/Alcantara, 320/330mm); Sparco R215/R323 ~$150–300 (motorsport, D-shape available). All use 6x70mm standard bolt pattern — universal with NRG 2.0 QR. EPS control: dashboard potentiometer knob only (set once — no wheel-mounted EPS control; slip ring QR not used)."
Phase 1,Safety,Roll Bar,Autopower U-Weld Roll Bar Kit (E36 Convertible 1993-1999),450,550,https://www.ioportracing.com/318i-323i-325i-328i-m3-convertible-93-99-e36-body/autopower-u-weld-roll-bar-kit-bmw-318i-323i-325i-328i-m3-convertible-1993-1999,REQUIRED for HPDE/drift use in an open-top car. Most NASA/SCCA track events mandate roll protection for convertibles above beginner group. Autopower U-Weld: full hoop + rear braces + diagonal cross + harness bar. Requires welding (local fab shop ~$150-200 labor). Required BEFORE first track day.
Phase 1,Safety,Fire Extinguisher,Kidde Halotron 2.5lb + Bracket,65,80,https://www.amazon.com/s?k=kidde+halotron+2.5lb+fire+extinguisher,Required at virtually all HPDE and drift events. Mount within driver reach. 2.5lb Halotron clean-agent preferred over dry chemical (no corrosion damage to interior/electronics).
Phase 1,Reliability,Suspension,Fortune Auto 500 Series Coilovers (E36) — FA500-E36,1928,1928,https://www.fortuneautosuperstore.com/fortune-auto-500-series-coilovers-for-bmw-3-series-e36/,"Verified $1,928 (Aug 2026). Separate compression + rebound adjustment. Dual-duty street/track/drift. Replaces BC Racing BR Series (entry-level). Öhlins internals upgrade available."
Phase 1,Suspension Geometry,M3 Spindles (Front),Used E36 M3 front spindles/uprights (pair) — 1996–1999 US M3 or Z3M ONLY,400,550,https://www.ebay.com/sch/i.html?_nkw=bmw+e36+m3+front+knuckle+spindle&_sop=12,"PART NUMBERS: Left 31212227907 / Right 31212227908. Shared between 1996–1999 E36 M3 and 1996–2002 Z3M Roadster/Coupe. Discontinued from BMW new — used/salvage only. Individual sides run $199–$275 on eBay; pairs $450–550. Z3M salvage yards are the best source (same part more plentiful than M3 donors). DO NOT USE Euro M3 3.2 Evo spindles — Evo spindles are designed to work with a shorter Evo-specific control arm; installing on standard-length OEM arms (required by SLR Mini Kit) produces incorrect KPI and roll-center geometry. 1995 US M3 spindles (31212227357 / 358) have a slight camber variance vs 96–99 spec — replace as a matched pair only, never mix generations. Benefit over non-M: reduces KPI (~1–2°), raises roll center ~20mm, improves camber gain curve. Compatible with non-M OEM control arms — same ball joint taper. Source alongside M3 hubs if doing 5-lug conversion. Ref: MRT Engineering Geometry Guide page 4."
Phase 1,Suspension Geometry,Offset FCAB,Revshift Offset Front Control Arm Bushing (E36 — offset variant),60,120,https://revshift.com/products/full-bushing-kit-bmw-e36,INCLUDED in Revshift full poly bushing kit — specify OFFSET variant (not centered) at order time. Adds ~1° caster on non-M arms. Non-M E36 used centered FCABs from factory; offset is a direct drop-in — same inner diameter. Fix for spin: roughen bushing OD with sandpaper before pressing in. Ref: FCP Euro FCAB install guide (fcpeuro.com/blog/how-to-install-revshift-offset-fcabs-bmw-e30-e36-z3). Price range is standalone cost if ordered separately — included in bushing kit.
Phase 1,Suspension Geometry,Adjustable Strut Tops / Camber Plates,Ground Control Caster/Camber Plates (E36) or Vorshlag equivalent,350,500,https://www.ground-control-store.com/BMW-E36-E36-M3-Camber-Caster-Plates.html,"Adjustable strut tops — primary function is CASTER adjustment, not camber. Combined with offset FCAB targets 6-7 degrees total caster. CRITICAL: Set static camber via lower strut mount spacers (~0.3 deg per mm) NOT via strut top position — tilting the strut via the top mount changes KPI. Communicate this explicitly to any alignment shop. Ground Control E36 plates confirmed fitment; Vorshlag also makes E36-specific plates."
Phase 1,Suspension Geometry,SLR Mini Kit (Angle/Geometry Kit),SLR Speed E36 M3 BMW Mini Kit — Roll Center + Steering Quickening + Adjustable Ackermann,805.04,805.04,https://slrspeed.com/products/e36-m3-bmw-mini-kit-roll-center-steering-quickening-angle-kit-for-both-drift-race,Verified $805.04. Uses OEM control arms — replaces outer ball joint with Teflon-lined spherical bearing + SLR steering plate. Specs: 35mm roll center correction; bump steer correction; ~40% steering quickening (28-30% fewer turns lock-to-lock); adjustable Ackermann (Race or Drift setting — flip as needed). Steering lock ~40-50 degrees. Set Ackermann to Race/positive for street; Drift/zero for sessions. MUST specify M3 knuckle type + control arm type at order — SLR holds order until confirmed. Compatible with M3 knuckles. Do NOT use Wisefab with M3 knuckles — incompatible. Ref: SLRspeed Complete E36 Angle Kit Guide (slrspeed.com/blogs/news/e36-angle-kit-steering-geometry-drift-guide).
Phase 1,Brakes,996 Brembo Front Calipers (used),Porsche 996/Boxster-S 4-piston Brembo — PN 996.351.425 (L) + 996.351.426 (R),200,300,https://www.ebay.com/sch/i.html?_nkw=porsche+996+brembo+front+caliper,"Source used: 1999–2004 Porsche 996 non-turbo Boxster-S or Cayman-S. ⚠️ E46 330i calipers DO NOT fit E36 M3 knuckles (R3VLimited confirmed). 996 Brembo via RallyRoad brackets is the correct path."
Phase 1,Brakes,RallyRoad E36 M3 Front BBK Adapter Brackets,7075-T6 aluminum + ARP hardware — mounts 996 Brembo on E36 M3 spindles,224.95,224.95,https://rallyroad.net/products/bmwe36m3frontbbkadapterbrackets,"Verified $224.95. 17-inch wheel note: 12mm must be machined off caliper boss — not DIY. Add machining service via RallyRoad product page OR VAC Motorsports Philadelphia 215-462-4666."
Phase 1,Brakes,Front Rotors,E46 M3 325x28mm — PN 34112282445 (L) + 34112282446 (R),80,120,https://www.ecstuning.com/b-ebc-parts/front-sport-rotors/,"EBC GD or Zimmermann Sport. Both make matched front (325x28mm) + rear (312x20mm) sets — match brand and style."
Phase 1,Brakes,RallyRoad BBK Front Braided Lines,Stainless braided front brake lines for E36 M3 BBK,64.95,64.95,https://rallyroad.net/collections/brakes/products/e36bigbrakekitfrontlines,Verified $64.95.
Phase 1,Brakes,OEM E36 M3 Rear Calipers (used),ATE single-piston rear caliper — source from E36 M3 or Z3M donor,80,150,https://www.ebay.com/sch/i.html?_nkw=e36+m3+rear+caliper,"Direct bolt-on to M3 trailing arm. No brackets no machining. Source with trailing arms from same donor."
Phase 1,Brakes,Rear Rotors,312x20mm — matched brand/style to front (EBC GD or Zimmermann Sport),60,100,https://www.ebay.com/sch/i.html?_nkw=bmw+e36+m3+rear+rotor+312mm,Match brand and style to front rotors.
Phase 1,Brakes,Hydraulic Handbrake — Kakuma Bracket (preferred),E36 M3 dual caliper bracket — bolt-on to M3 trailing arm uses second OEM M3 rear caliper as hydro unit,175,175,https://www.kakumaracingparts.com/product/bmw-e36-dual-caliper-bracket-kit/,"€160 (~$175). PREFERRED path. Alt: SLG bracket ($335) + Wilwood Dynapro 4-piston PN 120-9703. ⚠️ M3 arm requires Dynapro 4-piston NOT Dynalite."
Phase 1,Brakes,Hydraulic Handbrake MC + Lever,Hydraulic master cylinder + handbrake lever kit,80,200,,Source from drift/motorsport supplier.
Phase 1,Suspension Geometry,M3 Trailing Arms (Rear),Used E36 M3 trailing arms — source 1996–1999 US M3 or Z3M (same part),300,500,https://www.ebay.com/sch/i.html?_nkw=e36+m3+trailing+arm,"PART NUMBERS: Left 33322227985 / Right 33322227986 (source: RealOEM.com 1999 E36 M3 rear axle diagram). Shared with 1996–2002 Z3M. New OEM discontinued — source used/salvage only. INSTALL during Phase 1 subframe-out — subframe already out for reinforcement. Required for: Born2Drift halfshaft fitment + hydro handbrake bracket. Do NOT skip — reinstalling later requires full subframe teardown."
Phase 1,Drivetrain,Born2Drift Heavy Duty E36 Halfshaft Kit,2x driveshafts + 2x diff adapters + 2x hub adapters — rated 750 Nm,1190,1190,https://www.born2drift.net/products/bmw-e36-rear-halfshafts-kit-drift-track-axles-heavy-duty,"€1099 (~$1190 USD). INSTALL at Phase 1 with trailing arms — do NOT reinstall arms without this kit. Fitment: all E36 188mm diff. Euro 328i 3.46 (188mm) covered natively. Hub adapters OD 75mm / ID 42mm confirmed for E36 M3 wheel bearings."
Phase 1,Reliability,Brake Booster Delete,NES Engineering 6:1 Pedal Ratio Kit,216,416,https://nesengineering.com/products/brakboster-delete?variant=57108005880191,"$216 base kit. Removes vacuum booster; changes pedal ratio 3:1 → 6:1 using stock master cylinder. Install at Phase 1 — firewall work is easier with engine bay open early. Critical for Phase 3: 07K turbo has no usable manifold vacuum under boost, eliminating need for a vacuum pump. Requires: grind 2mm off firewall hole + pedal box, drill new hole in brake pedal (irreversible but minor). Tradeoff: higher pedal effort and more travel than OEM boosted. Optional upgrade: Wilwood or Tilton 19mm master cylinder (~$150-200) if effort is too high after adjust. Price High includes optional MC upgrade. Track-only rated."
Phase 1,Drivetrain,Differential,Stock Euro 328i 3.46 (188mm) — optional upgrade to 3.15 LSD,800,1200,https://www.ebay.com/p/1011155792,"Stock Euro non-M 328i diff is 188mm case 3.46 — directly compatible with Born2Drift halfshaft kit. No swap needed. OPTIONAL 3.15 upgrade: source Euro M3 S50 diff (188mm) only. ⚠️ US M3 S52 diff may be 210mm — NOT Born2Drift compatible. Field ID: 6 side cap bolts = 188mm OK; 8 bolts = 210mm REJECT. Price is for optional upgrade only."
Phase 1,Chassis,Rear Subframe,BimmerWorld Rear Subframe Reinforcement Kit,274.2,274.2,https://www.bimmerworld.com/Suspension-Steering/Reinforcements/E36-Rear-Subframe-Chassis-Reinforcement-Kit.html,Verified
Phase 1,Chassis,RTAB Pockets,BimmerWorld Trailing Arm Pocket Reinforcement Kit,42.49,42.49,https://www.bimmerworld.com/Suspension-Steering/Reinforcements/Rear-Trailing-Arm-Pocket-Reinforcement-Kit.html,Verified
Phase 1,Chassis,Front Subframe,RallyRoad Front Subframe Reinforcement Plates,19.95,19.95,https://rallyroad.net/products/e36frontsubframereinforcementplates,Verified
Phase 1,Chassis,Strut Towers,BimmerWorld Front Strut Tower Reinforcement Plates,27.04,27.04,https://www.bimmerworld.com/Suspension-Steering/Reinforcements/Front-Strut-Tower-Reinforcement-Plates-E36.html,Verified
Phase 1,Chassis,Welding Labor,Chassis reinforcement welding — VAC Motorsports (preferred) or U Wrench It Auto (call to verify MIG + storage),1100,1925,https://vacmotorsports.com,"VAC Motorsports: 2501 Snyder Ave Philadelphia PA · (215) 462-4666 · ask for John · ~$110/hr · 10–14 hrs est = $1,100–1,760 labor. U Wrench It Auto: 705 NJ-73 Palmyra NJ · (267) 225-3773 · $54.99/hr supervised · 20–35 hrs beginner est = $1,100–1,925 labor. Must call U Wrench It: (1) multi-day storage allowed? (2) MIG welding for chassis plates? (site lists exhaust welding only). No confirmed 1-day turnaround at VAC. Market benchmark ~$2,000+ per E46 Fanatics forum."
Phase 1,Chassis,Bushings,Revshift Complete Full Poly Bushing Kit,449.99,449.99,https://revshift.com/products/full-bushing-kit-bmw-e36,Verified
Phase 1,Tooling,VAG 1.5mm sensor contact crimper,IWISS IWS-2820M — AWG 28-20 open barrel (TE MCP 1.5 contacts),19.99,19.99,https://www.amazon.com/IWISS-Crimping-AWG28-20-Terminals-Connectors/dp/B078WNZ9FW,"One-time purchase. Crimps VAG 1.5mm sealed-series contacts (TE MCP 1.5) in sensor pigtail housings: 3B0973703G cam/crank/MAP and 1J0973702 CLT/IAT. Wire range 28-20 AWG (0.08-0.5mm²). Also covers general small open-barrel contacts and ring terminals. Full tool detail: e36-wiring/docs/wiring-bom.md — Harness Build Tools section."
Phase 1,Tooling,VAG 2.8mm COP contact crimper,IWISS IWS-2412M — AWG 24-12 open barrel (2.8mm die for VAG JPT contacts),19.99,19.99,https://www.amazon.com/IWISS-Crimping-AWG24-12-Terminals-Connectors/dp/B07G98DLB8,"One-time purchase. Crimps VAG 2.8mm JPT-series contacts in COP coil pigtail housings (4B0973724 — 4-pin coil-on-plug connector). Die widths 2.2/2.5/2.8/3.1/3.4mm — 2.8mm die matches VAG JPT contacts directly. Companion to IWS-2820M: together spans AWG 28-12 with no gap. Previously listed as Knipex 97 52 68 — that model number does not exist. Full tool detail: e36-wiring/docs/wiring-bom.md — Harness Build Tools section."
Phase 1,Tooling,Flush cutters,Milwaukee 48-22-6106 — 6-in angled flush cutter,19.97,19.97,https://www.homedepot.com/p/Milwaukee-6-in-Diagonal-Cutting-Pliers-48-22-6106/205652216,"One-time purchase. Used constantly during harness build — cuts flush to connector body in tight spaces, trims zip ties cleanly. Source: StreetCarJoe Race Car Wiring Pt.1. Link: Home Depot (genuine Milwaukee — prior Amazon link B0F7RPBW8S was a third-party Robuhold knock-off). Full tool detail: e36-wiring/docs/wiring-bom.md — Harness Build Tools section."
Phase 1,Tooling,Rivnut tool,Astro Pneumatic 1442 — 13-in hand rivnut setter kit (M4/M5/M6/M8 + SAE),70.99,80,https://www.amazon.com/Astro-Pneumatic-Tool-1442-Setter/dp/B003TODXQW,"One-time purchase. Installs threaded rivnuts into thin sheetmetal or carbon panels without backside access. Required for PMU16 and ECU bracket mounting. Source: StreetCarJoe Race Car Wiring Pt.3. Price verified at ~$70.99 (previously listed as $30-40 — incorrect). Full tool detail: e36-wiring/docs/wiring-bom.md — Harness Build Tools section."
Phase 1,Electrical,Power Distribution,Ecumaster PMU16 Power Management Unit,500,500,https://ecumasterusa.com/products/ecumaster-pmu16-power-management-unit,"Replaces: relay board + mini blade fuse block + Crydom D1D40 SSR. 16 programmable MOSFET high-side outputs with digital fusing + per-channel current monitoring + CAN control. MaxxECU CAN1 -> PMU16 CAN2 (load MaxxECU.canx template). Output channels: O1 ECU logic / O2 coil+inj / O3 fan PWM / O4 fuel pump PWM / O5 EWP / O6 condenser fan / O7 AC relay coil. Post-shutdown EWP cooling handled natively in PMU logic. Requires Ecumaster USB-CAN adapter (~$85) for programming. Docs: ecumaster.com/files/PMU/PMU_Manual.pdf + PMU-16_Pinout_v1.2.pdf + MaxxECU integration app note."
Phase 1,Drivetrain,Differential Cover,VAC Motorsports Billet Differential Cover — 188mm,150,200,https://store.vacmotorsports.com/,"DIY install during Phase 1 subframe-out window (~30 min). Billet aluminum replacement for OEM cast cover. Benefits: increased fluid capacity + cooling fins (LSD clutch pack heat protection during sustained drifting) + differential temp sensor port (MaxxECU analog input) + AN fittings for future external cooler + reinforced mounting ears (eliminates known OEM cast ear failure mode). Compatible with 188mm Euro 328i diff. Source: VAC Motorsports Philadelphia (local — 2501 Snyder Ave 215-462-4666). Confirm exact PN and price at order time."
Phase 1,Tooling,Solid barrel crimper — Maven HD30 + DT bypass,Deutsch HDT-48-00 — 8-indent ratcheting crimper for size 12/16/20 solid contacts (genuine); or JRready NEW-DT2 equivalent,350,465,https://www.deutschconnector.com/products/deutsch_connector_tools/deutsch_connector_crimp_tools/HDT-48-00/,"One-time purchase. Required for Maven HD30 35-pin accessories connector (size-16 and size-20 contacts) and Deutsch DT 2-pin bypass connectors. Genuine: $350-465. Budget alt: JRready NEW-DT2 ~$169 (Amazon B09B562XDT). IMPORTANT: HDT-48-00 covers size 12/16/20 only — it does NOT support the AS79 firewall bulkhead (size-22 contacts). The AS79 requires Daniels AFM8 + K42/K40 positioners (see Phase 2 CSV). Previously listed as 'Daniels DMC TL-10' — that part number does not exist on any DMC product page. Full tool detail: e36-wiring/docs/wiring-bom.md Harness Build Tools section."
Phase 1,Tooling,Solid barrel crimper — AS79 firewall bulkhead (AFM8),"Daniels DMC AFM8 (M22520/2-01) handle + K42 positioner (pin) + K40 positioner (socket) — required for AS79 size-22 solid barrel contacts",808,808,https://dmctools.com/afm8,"AFM8 body: $601.65 (dmctools.com). K42 pin positioner: $112.64 (deltaintl.com/products/k42). K40 socket positioner: $93.86 (dmctools.com/k40). Total ~$808. AS79 79-way insert uses all size-22 contacts (5A max each) — confirmed by m-cal.com AS020-35SN product data (Primary Contacts Size: 22 AWG) and ecuplus.de AS620-35PN listing (79x 22 AWG). HDT-48-00 and JRready NEW-DT2 are for Maven HD30 / DT contacts only and cannot be used for size-22 contacts. See Phase 2 CSV for individual line items."
Phase 1,Tooling,Battery cutoff switch (OPTIONAL),Moroso 74108 — 4-post battery and alternator disconnect switch,101,113,https://www.amazon.com/Moroso-74108-Battery-Alternator-Disconnect/dp/B01GWD2XUS,"OPTIONAL — not required on a dual-duty street/drift car with a working ignition key. Buy only if your HPDE org or track event rules explicitly require a cutoff switch. If installed: must be 4-post (NOT 2-post) — 2-post will not kill engine on alternator-equipped car. Full wiring detail: e36-wiring/harnesses/power-distribution.wv — CUTOFF_4POST connector. moroso.com direct: $113."
